run_id	commit	artifact_dir	worktree_dirty	strategy_sha256	experiment_sha256	protocol_sha256	rationale_sha256	quick_config_sha256	iteration	score	gates_passed	gate_flags	subwindow_trade_counts	trade_count	net_return_contribution_concentration	cost_stress	net_return_sum	avg_trade_net	win_rate	profit_factor	gross_return_sum	cost_return_sum	complexity_count	status	best_status	continuation	stop_reason	elapsed_seconds	note
attempt-0001	845c471	results/autoresearch/attempt-0001	true	9eb01ff03affb1d3522e512203deeedfb6199347171b28711f03062b045cfa63	9c611da9e3bb94e08717512c8017337a5ab0b8b90b517597a942fc5c4342152d	149443eac8c72c20a511df5d210e2332cc0a36e1a2422ee31f9fd39705c2e230	2e60eed0b7e8c461372f6b05f5176b3d3efd45fd583a322891e315b25d62b3e5	637de1e591449b2be94c2fbd2d4cb2a3ed3912220f62a40a5c72ff05f67ad938	1	-0.09808716958801313	false	trade_floor=pass,subwindow_coverage=pass,breadth=pass,cost_stress=fail,complexity_cap=pass,train_floor=fail	235,314,312,339,294,283	1777	0.24530217824672274	-0.16194083084457683	0.2774225898415314	0.0001561185086333885	0.49577940348902644	1.1126351577943756	0.6888768498415314	0.42647999999999997	35	discard	unchanged	allowed		219.0476707079797	
attempt-0002	f7a3702	results/autoresearch/attempt-0002	true	7d7cdb56f4449958f03a7a8e0b99b8e760da41b39479f68d5398a9f630aad27e	9c611da9e3bb94e08717512c8017337a5ab0b8b90b517597a942fc5c4342152d	149443eac8c72c20a511df5d210e2332cc0a36e1a2422ee31f9fd39705c2e230	bc30d85a06cec74ea93c787ff92c009cdd506abb711c74a51edce6ab8049615b	cee6e0255bd89e90da522fa41c088a1389207d52a82aab34d73ae3ce854fc1a3	2	-0.07125145513446847	false	trade_floor=pass,subwindow_coverage=pass,breadth=pass,cost_stress=fail,complexity_cap=pass,train_floor=fail	141,198,183,210,178,164	1074	0.34761116221741734	-0.12547159128637095	0.4190607496435623	0.00039018691773143603	0.5297951582867784	1.257652283495354	0.6681508896435624	0.25776	35	discard	unchanged	allowed		213.17781941700378	
attempt-0003	f7a3702	results/autoresearch/attempt-0003	true	6efe59d46954f4fb2ffc248e3de19d4c3930f79a70106bbdd5fcda1fa1bfac43	9c611da9e3bb94e08717512c8017337a5ab0b8b90b517597a942fc5c4342152d	149443eac8c72c20a511df5d210e2332cc0a36e1a2422ee31f9fd39705c2e230	fc71c07f27069d5050917aeccab81630021337254f7eda73f70c748765399a56	d8b8410b38fab96fd689e2bfea7042f2320fc7eeb70fad73ac574704727e2647	3	-0.052364813390732484	false	trade_floor=pass,subwindow_coverage=pass,breadth=pass,cost_stress=fail,complexity_cap=pass,train_floor=fail	177,292,289,336,281,248	1623	0.34982615074252943	-0.14512037125672017	0.20621395576847182	0.00012705727404095613	0.5070856438693777	1.1480609827897197	0.5953963837684718	0.38952	35	discard	unchanged	allowed		212.70655716699548	
attempt-0004	f7a3702	results/autoresearch/attempt-0004	true	449ff9527a0349be983d582193d68a77ca0ac7d5fc6fa31133e7505eb55cad37	9c611da9e3bb94e08717512c8017337a5ab0b8b90b517597a942fc5c4342152d	149443eac8c72c20a511df5d210e2332cc0a36e1a2422ee31f9fd39705c2e230	c4e21b1526d27b2af72e7adf91d414f4d8a6b8092c5b0ee20031f5a0f263b538	ef93977ceb7ee9cf35b3f09dbaad72cd8c6ce85a3945aa18e64fb82aaf956042	4	-0.009625633978769735	false	trade_floor=pass,subwindow_coverage=pass,breadth=pass,cost_stress=fail,complexity_cap=pass,train_floor=fail	133,175,169,197,168,151	993	0.36633935511222	-0.0952718273318095	0.2755952620593358	0.00027753802825713575	0.5287009063444109	1.324739590529548	0.5135804000593358	0.23831999999999998	35	discard	unchanged	allowed		213.28348570800154	
attempt-0005	f7a3702	results/autoresearch/attempt-0005	true	ece8c9464a68465a25e32a1de98556730186cc28ada6260f2d0831aabbcca4d6	9c611da9e3bb94e08717512c8017337a5ab0b8b90b517597a942fc5c4342152d	68aea0216aad78b635934eeb39031114fd565901f1ce11ce78917a701a910924	cc612134fab4d251aef48d730568d7356f61944addd5b791249de1a032ceec5a	a62007e8a70f6609d1f12ae788403246bc169446cfda8ea8624dc9d538299073	5	-0.009625633978769735	false	trade_floor=pass,subwindow_coverage=pass,breadth=pass,cost_stress=fail,complexity_cap=pass,train_floor=fail	136,181,169,198,175,151	1010	0.35597197094230354	-0.0952718273318095	0.290226101518716	0.0002873525757611049	0.5257425742574258	1.3335625821814607	0.5323486795187159	0.24239999999999998	35	discard	unchanged	allowed		215.3411610829935	
attempt-0006	f7a3702	results/autoresearch/attempt-0006	true	44b61ecf8dceb71c7cdd8887a1fdd66e73b35d816d7f642300b850962cd00d16	9c611da9e3bb94e08717512c8017337a5ab0b8b90b517597a942fc5c4342152d	68aea0216aad78b635934eeb39031114fd565901f1ce11ce78917a701a910924	2780cb2875568a48b42f12920f90de0048bf9913421c8df748b5ee6ec38789bf	dcdb1d3851122df08f24e11a325e884c0fc42535c4c8902dfaf5b4575ab9f4b3	6	0.1302071851793149	false	trade_floor=pass,subwindow_coverage=fail,breadth=pass,cost_stress=pass,complexity_cap=pass,train_floor=pass	82,39,17,4,40,14	196	0.45420082422889735	0.09964964989078591	0.31623531662389687	0.0016134454929790656	0.5612244897959183	2.084712902360029	0.36256581062389687	0.04704	35	discard	unchanged	allowed		788.5147552919807	
attempt-0007	f7a3702	results/autoresearch/attempt-0007	true	cf04007fe9675f84a4d4b3e29b8b34a157505f193955224f9765081a5484195c	9c611da9e3bb94e08717512c8017337a5ab0b8b90b517597a942fc5c4342152d	68aea0216aad78b635934eeb39031114fd565901f1ce11ce78917a701a910924	5469fbe6a085b381f8cc3cae2e34a543ebdb7ca2bd116b430069b9c42febc28c	99ad430af408e4c6216cfa93b81254ecf3293e4984d970c8c5780a6809094b01	7	-0.011003501162998865	false	trade_floor=pass,subwindow_coverage=fail,breadth=pass,cost_stress=fail,complexity_cap=pass,train_floor=fail	80,25,14,8,51,29	207	0.36181484717091916	-0.04168102727948262	0.14508537278726946	0.0007008955207114467	0.5652173913043478	1.3566305758565764	0.19382112278726946	0.049679999999999995	35	discard	unchanged	allowed		214.25288708301377	
attempt-0008	f7a3702	results/autoresearch/attempt-0008	true	4b3309e6f0a765f0332f4835d19b1cfedf4dcc1aa5dd3bf316daf0b25987ed70	9c611da9e3bb94e08717512c8017337a5ab0b8b90b517597a942fc5c4342152d	68aea0216aad78b635934eeb39031114fd565901f1ce11ce78917a701a910924	2152883f3fdf2cff28946b707d1b8498c7cb9d4bd8ce3c1623001078401dc895	27130389c403adeb6c01a1ea8c6b783185111118ac791cf84ad16981cd18cc1b	8	0.08602466286549594	false	trade_floor=pass,subwindow_coverage=fail,breadth=pass,cost_stress=pass,complexity_cap=pass,train_floor=pass	61,29,11,3,35,10	149	0.4495746665485467	0.05467656913156036	0.2320328726108275	0.0015572676014149497	0.5704697986577181	2.0507842183879266	0.2667165626108275	0.03576	35	discard	unchanged	allowed		212.1644160830183	
attempt-0009	f7a3702	results/autoresearch/attempt-0009	true	0ce5e652f3db0aa75eafed07219f840e36217529f30772b12f21321fda685471	9c611da9e3bb94e08717512c8017337a5ab0b8b90b517597a942fc5c4342152d	68aea0216aad78b635934eeb39031114fd565901f1ce11ce78917a701a910924	2073e577c8af96535215f5fe70c89c51df5d3394e78c269991664811827e4565	dfd7d959e1068ee1d81f58e68b63727cc61ccccaeedb08f54554285f55e84c11	9	0.13249792706391497	false	trade_floor=pass,subwindow_coverage=fail,breadth=pass,cost_stress=pass,complexity_cap=pass,train_floor=pass	89,45,19,4,43,15	215	0.4721956794022749	0.1019035776819617	0.3523660416884262	0.0016389118218066337	0.5767441860465117	2.098913080725384	0.40318909368842626	0.05159999999999999	35	discard	unchanged	allowed		212.1972262079944	
attempt-0010	f7a3702	results/autoresearch/attempt-0010	true	4e643de788d710cbcca54b58e7dc03f81804de881cb797f7ec070a92b1f7e30d	9c611da9e3bb94e08717512c8017337a5ab0b8b90b517597a942fc5c4342152d	68aea0216aad78b635934eeb39031114fd565901f1ce11ce78917a701a910924	6087862c69daf4ffca662c6423e47ae398ef579079397a429ab674cfafa5a18e	f2745f55af17ca9af3a2f30224f9b05699710fccc4f9e2f3a260b025d34786a8	10	-0.08244773560816177	false	trade_floor=pass,subwindow_coverage=pass,breadth=pass,cost_stress=fail,complexity_cap=pass,train_floor=fail	265,308,304,325,302,271	1775	0.2612735466665479	-0.13391688863249865	0.4175002285695773	0.00023521139637722665	0.49352112676056337	1.1576384759048595	0.8258433825695773	0.426	35	discard	unchanged	allowed		212.49196608399507	
attempt-0011	f7a3702	results/autoresearch/attempt-0011	true	6c1e476d2326196c8a71ff4955ee446c7c579a715dead4bde2c7903c0783a756	9c611da9e3bb94e08717512c8017337a5ab0b8b90b517597a942fc5c4342152d	68aea0216aad78b635934eeb39031114fd565901f1ce11ce78917a701a910924	67c89d0523439ca0b36ad14a6304313c092a4ec237c79179267772b0c7d565a4	49fca0cb3cc4fc46b7bf89a4221b92ce66ca05fe2c077978d882cafabd51e620	11	0.13249792706391497	false	trade_floor=pass,subwindow_coverage=fail,breadth=pass,cost_stress=pass,complexity_cap=pass,train_floor=pass	89,45,19,4,43,15	215	0.4721956794022749	0.1019035776819617	0.3523660416884262	0.0016389118218066337	0.5767441860465117	2.098913080725384	0.40318909368842626	0.05159999999999999	35	discard	unchanged	allowed		214.27478904198506	
attempt-0012	f7a3702	results/autoresearch/attempt-0012	true	73ccf9c79602c04f9896e9d7cf40d935ab1f3aa537b8d2b35f5521b8e9df4fe1	9c611da9e3bb94e08717512c8017337a5ab0b8b90b517597a942fc5c4342152d	68aea0216aad78b635934eeb39031114fd565901f1ce11ce78917a701a910924	b1eafba738373d5415e274fa076b9761d72f0f3617d1b3ca49bf27f960d79f96	8475fbeec493764e6ef13facdddfc0d4afdd2ed999e36141a74ba73d441ddb63	12	-0.05239455080826245	false	trade_floor=pass,subwindow_coverage=pass,breadth=pass,cost_stress=fail,complexity_cap=pass,train_floor=fail	265,308,304,325,302,271	1775	0.3335825696353929	-0.10133104640281622	0.36864958840871404	0.0002076899089626558	0.49352112676056337	1.4084290070137058	0.508852665908714	0.1452	35	discard	unchanged	allowed		214.75679574999958	
attempt-0013	f7a3702	results/autoresearch/attempt-0013	true	b08431ea45f5c6dcd3f37af29d6a278db6a61cc39c8596819a085822d8cae3b7	9c611da9e3bb94e08717512c8017337a5ab0b8b90b517597a942fc5c4342152d	68aea0216aad78b635934eeb39031114fd565901f1ce11ce78917a701a910924	da64efaa6b5728cc1d58243d6db97c86317a06e11e588c2e74f21a84d9f95272	6b8ea694bb2f66240dcf3225e6dd4650401f11d92e6c1672f02974ece04eeec2	13	0.163191215270515	false	trade_floor=pass,subwindow_coverage=fail,breadth=pass,cost_stress=pass,complexity_cap=pass,train_floor=pass	192,93,33,9,93,43	463	0.4854753808866266	0.1294554065569916	0.6836812783299688	0.0014766334305182911	0.5853131749460043	1.9275796653116986	0.7936478323299688	0.11112	35	discard	unchanged	allowed		215.01575508300448	
attempt-0014	f7a3702	results/autoresearch/attempt-0014	true	51e989b0210c9db9e8163e28b3a6089d53e0644f8390d6eb9b64d5cd0386e4bc	9c611da9e3bb94e08717512c8017337a5ab0b8b90b517597a942fc5c4342152d	68aea0216aad78b635934eeb39031114fd565901f1ce11ce78917a701a910924	839eb4d9e8f5b7cb8d25fe7e36947ce67455814b55e1f3e59f64cd31725bba8f	6f7905f245148ce66ca48b2e45c2795b3f906726c95465285f526cc0acec5d0a	14	0.09571517003169269	true	trade_floor=pass,subwindow_coverage=pass,breadth=pass,cost_stress=pass,complexity_cap=pass,train_floor=pass	390,193,63,14,180,82	922	0.5003632307635921	0.0663972920275125	0.9568222960729224	0.0010377682169988311	0.561822125813449	1.591358803341449	1.1758111220729224	0.22127999999999998	35	keep	updated	allowed		214.53488916598144	
attempt-0015	f7a3702	results/autoresearch/attempt-0015	true	25856ebb7ff9c4d6bf24c9a792ba8c08228bbecde25985576d7e667499e4cfe4	9c611da9e3bb94e08717512c8017337a5ab0b8b90b517597a942fc5c4342152d	68aea0216aad78b635934eeb39031114fd565901f1ce11ce78917a701a910924	583d35dd21e75528d39532f9ddfe66d49fde3679b70930a087984d8c8eea3d37	c72d18d03a7637a7f962bbed0874bada551445f5076350588ab1caa9a5f53549	15	0.09623841473643666	true	trade_floor=pass,subwindow_coverage=pass,breadth=pass,cost_stress=pass,complexity_cap=pass,train_floor=pass	333,156,55,12,146,76	778	0.4967933426699844	0.06359856121145435	1.01016251971908	0.0012984094083792802	0.589974293059126	1.771113593163826	1.19436696771908	0.18672	35	discard	unchanged	allowed		214.21158525001374	
attempt-0016	f7a3702	results/autoresearch/attempt-0016	true	94543c53107ef4a80fc657918aa9604da42e22cb43576734a0c3cd80c020d761	9c611da9e3bb94e08717512c8017337a5ab0b8b90b517597a942fc5c4342152d	68aea0216aad78b635934eeb39031114fd565901f1ce11ce78917a701a910924	86b9736ccde7d3f3cd2019d04082cfe8418648221b504b1db339d16fa33987a4	0ef8345f05ae365b5f030d76eb4146d62178a33c44a245d0ab7de7e049c18358	16	0.09729254717171766	true	trade_floor=pass,subwindow_coverage=pass,breadth=pass,cost_stress=pass,complexity_cap=pass,train_floor=pass	278,137,55,13,139,54	676	0.48029320517416635	0.06400903632500143	0.8090157461260277	0.0011967688552160173	0.5710059171597633	1.7165569480066758	0.9695158341260277	0.16224	35	discard	unchanged	allowed		215.18586087500444	
attempt-0017	f7a3702	results/autoresearch/attempt-0017	true	75af84844bafd1e1dba9fd37bb797277fb27a7cdc2d25cedd77892e21dbd0c21	9c611da9e3bb94e08717512c8017337a5ab0b8b90b517597a942fc5c4342152d	68aea0216aad78b635934eeb39031114fd565901f1ce11ce78917a701a910924	647b774a2068058acad740409b5079112ad16c453792e21f146ad0a3320c6237	e878bb518db9de2bd104af3ef8618f65c8df09f57d750f93b2362b1b18feee45	17	0.02220865576326542	false	trade_floor=pass,subwindow_coverage=pass,breadth=pass,cost_stress=fail,complexity_cap=pass,train_floor=pass	333,156,55,12,146,76	778	0.5220434892723804	-0.03876111308155638	0.2016312172842311	0.00025916608905428165	0.7776349614395887	1.2753325994489293	0.3865806052842311	0.18672	35	discard	unchanged	allowed		218.8601102079847	
attempt-0018	f7a3702	results/autoresearch/attempt-0018	true	86e59d228460f1a08cfe4f1978ff9b9f9fe7dfff9ae67679dd53d48ed95ecb03	9c611da9e3bb94e08717512c8017337a5ab0b8b90b517597a942fc5c4342152d	68aea0216aad78b635934eeb39031114fd565901f1ce11ce78917a701a910924	26d8ec8b35f008ad90490653003a22290c7d362928d226aa740dcad834556173	69e45bde3bab77a30531089bba68683139ae3498ba0bee8bdf109b583d56f68c	18	0.15367499499862736	true	trade_floor=pass,subwindow_coverage=pass,breadth=pass,cost_stress=pass,complexity_cap=pass,train_floor=pass	333,156,55,12,146,76	778	0.5025710785577079	0.09793458948891211	0.8522241305339129	0.0010954037667531013	0.5462724935732648	1.752296612460966	1.0369767245339128	0.18672	35	keep	updated	allowed		213.65443970801425	
attempt-0019	f7a3702	results/autoresearch/attempt-0019	true	19c42321a46417cd34303253b2acea7d2f93703e6e755f0698af42ae7b6e63e2	9c611da9e3bb94e08717512c8017337a5ab0b8b90b517597a942fc5c4342152d	68aea0216aad78b635934eeb39031114fd565901f1ce11ce78917a701a910924	5221911bb2082a1acf000cd667dd714ef6da6c93cc4e02279d5003a01ab2f6e3	11838253cb2144601b2b36f1fcba2aa62954ea6e0a2f0e984d79091520653447	19	0.14536727079695702	true	trade_floor=pass,subwindow_coverage=pass,breadth=pass,cost_stress=pass,complexity_cap=pass,train_floor=pass	325,113,55,12,121,76	702	0.5274097793019485	0.10798370231434865	0.8305869722605885	0.0011831723251575336	0.5641025641025641	1.7760832987450483	0.9971379602605885	0.16848	35	discard	unchanged	allowed		212.7233742919925	
attempt-0020	f7a3702	results/autoresearch/attempt-0020	true	66639f574d7873e8cca71c04cefb7219663f319ad4f01613f9042c4eb52a1f74	9c611da9e3bb94e08717512c8017337a5ab0b8b90b517597a942fc5c4342152d	68aea0216aad78b635934eeb39031114fd565901f1ce11ce78917a701a910924	3aaefb317ecd03b2c183f8c6a3392dafa67f6867b1547854249d5cff26f29368	069c3c63b70ef0b00bf7193330d0f88390e7f9fcdec91d30eb8ccd4f79e9a42b	20	0.15367499499862736	true	trade_floor=pass,subwindow_coverage=pass,breadth=pass,cost_stress=pass,complexity_cap=pass,train_floor=pass	333,156,55,12,146,76	778	0.5025710785577079	0.09793458948891211	0.8522241305339129	0.0010954037667531013	0.5462724935732648	1.752296612460966	1.0369767245339128	0.18672	35	discard	unchanged	allowed		215.69074466699385	
attempt-0021	f7a3702	results/autoresearch/attempt-0021	true	6503168de8e0f83183454f882cae4858480f6e647c88fa3994cdfa2d174562f6	9c611da9e3bb94e08717512c8017337a5ab0b8b90b517597a942fc5c4342152d	68aea0216aad78b635934eeb39031114fd565901f1ce11ce78917a701a910924	00a0381479bff027eeb097df8d5c3fd0bb48350aa61c8b73a9660db201b8c7b4	4033814b7865fc5b3b67fa837df7acad6405fb4433819131f3434030ba8e7180	21	0.1131568324301916	true	trade_floor=pass,subwindow_coverage=pass,breadth=pass,cost_stress=pass,complexity_cap=pass,train_floor=pass	333,156,55,12,146,76	778	0.5026658096263312	0.07909310509266752	0.8696575986770483	0.00111781182349235	0.5462724935732648	1.7002223181612943	1.0540316546770483	0.18672	35	discard	unchanged	allowed		213.37223325000377	
attempt-0022	f7a3702	results/autoresearch/attempt-0022	true	451b028915c22bd8271044b1b3993aa1336780ddbd4323cde62a8bc4e3b27f4f	9c611da9e3bb94e08717512c8017337a5ab0b8b90b517597a942fc5c4342152d	68aea0216aad78b635934eeb39031114fd565901f1ce11ce78917a701a910924	ca4a93352aa70dd4b477145a045dbae731aab81eec403d4fa1cd988ef99332e6	eb07b2f7d9fe7663a192ec2ca3a4c55cf20ae50473433193e4108f1109048976	22	0.07957746559037364	true	trade_floor=pass,subwindow_coverage=pass,breadth=pass,cost_stress=pass,complexity_cap=pass,train_floor=pass	333,156,55,12,146,76	778	0.49743889440449945	0.04041755685721016	0.7043020582540254	0.000905272568449904	0.5591259640102828	1.6421424748217672	0.8895694742540253	0.18672	35	discard	unchanged	allowed		215.41134116699686	
attempt-0023	f7a3702	results/autoresearch/attempt-0023	true	173e9bf7b96df9e70c05381f8e44811b0498a03d12edb00a39fd0df303ace721	9c611da9e3bb94e08717512c8017337a5ab0b8b90b517597a942fc5c4342152d	ddddc3b32dc06494824ffe537fb2662999dc76220e0b3d338fd97120a7dacd19	fa67b557af51dd9d4a96191901bdf50b8ca7554edffb3aa83a06a6dcdb31c6eb	0cc9d0da830e181bc5ae0b86dd9f5a835a31e9d96f487ec6a3bef97badf6eea0	23	0.03753658364148468	false	trade_floor=pass,subwindow_coverage=pass,breadth=pass,cost_stress=fail,complexity_cap=pass,train_floor=pass	333,156,55,12,146,76	778	0.5232387485286052	-0.011748820173786508	0.5479061065112127	0.0007042494942303505	0.5796915167095116	1.531349388748577	0.7332470005112127	0.18672	35	discard	unchanged	allowed		215.80578262498602	
attempt-0024	f7a3702	results/autoresearch/attempt-0024	true	967b7d138bd516f9e72af713bf04527d8c529a55c90dfa8463a68fd73ab378af	9c611da9e3bb94e08717512c8017337a5ab0b8b90b517597a942fc5c4342152d	ddddc3b32dc06494824ffe537fb2662999dc76220e0b3d338fd97120a7dacd19	3cea4af27e0221665fb3ceef3d012684add1c1275b956fc09e34e6be5df42b53	b27775b903a6734821c2f2acb2b4b59ccffb9367e4c1d860b22415c9eedd96d8	24	0.017163987380608092	false	trade_floor=pass,subwindow_coverage=pass,breadth=pass,cost_stress=fail,complexity_cap=pass,train_floor=pass	333,156,55,12,146,76	778	0.49281773570897286	-0.025224631557976128	0.35446615039472656	0.0004556120185022192	0.4241645244215938	1.2816925083537754	0.5403769583947265	0.18672	35	discard	unchanged	allowed		214.7225647919986	
attempt-0025	f7a3702	results/autoresearch/attempt-0025	true	fd7188d7f6ee7f56b944af40816bdb6207d2b53b968ba50af3ee7495d9f33d39	9c611da9e3bb94e08717512c8017337a5ab0b8b90b517597a942fc5c4342152d	ddddc3b32dc06494824ffe537fb2662999dc76220e0b3d338fd97120a7dacd19	1562fbcf038c3532912bc6fd3554ca37876d59cd77bb176929b5a2ccbaf632b0	f68e11c8ea3db0ffee7e33ec540a876aa017a0118f9fd3edf0dc0a2c2dff05e3	25	-0.3478640155038563	false	trade_floor=pass,subwindow_coverage=pass,breadth=pass,cost_stress=fail,complexity_cap=pass,train_floor=fail	333,156,55,12,146,76	778	0.4857906041802269	-0.5376614790974868	-0.13800637265540963	-0.00017738608310463962	0.38303341902313626	0.8436230202965264	0.04849578534459033	0.18672	35	discard	unchanged	allowed		214.50580241699936	
attempt-0026	f7a3702	results/autoresearch/attempt-0026	true	df54916db5f31b1af70b356b927100473137344f8119c922d8a6e1395b81d851	9c611da9e3bb94e08717512c8017337a5ab0b8b90b517597a942fc5c4342152d	ddddc3b32dc06494824ffe537fb2662999dc76220e0b3d338fd97120a7dacd19	6cf5120bb703d2815798f7ed1455bbd7f52970b3dfca4ed68a21b5cb7bf6bf3e	1fd59e5683587fdb187bef052b3afc9254f879232ec99675ec6bf1750e88f749	26	0.03550717467818138	false	trade_floor=pass,subwindow_coverage=pass,breadth=pass,cost_stress=fail,complexity_cap=pass,train_floor=pass	333,156,55,12,146,76	778	0.4947833337110178	-0.012864515535610896	0.5697749096944001	0.000732358495751157	0.5334190231362468	1.5512384362487839	0.7551572756944002	0.18672	35	discard	unchanged	allowed		217.4744642500009	
attempt-0027	f7a3702	results/autoresearch/attempt-0027	true	cabae2bb9d40b633acffc6eaa80850be76202a12ffd7b14a1947047aef22810f	9c611da9e3bb94e08717512c8017337a5ab0b8b90b517597a942fc5c4342152d	ddddc3b32dc06494824ffe537fb2662999dc76220e0b3d338fd97120a7dacd19	553e9601ce27b707164d5b098f01401c830aeb764ff6f897faad2481fb8cd75f	f192792179665084909ad1c926be77b6e0c2c026a1d5badb443bbc72c6c847ea	27	0.09865128293322886	true	trade_floor=pass,subwindow_coverage=pass,breadth=pass,cost_stress=pass,complexity_cap=pass,train_floor=pass	333,156,55,12,146,76	778	0.5061256476953627	0.06430534578880961	0.9303475784107977	0.0011958195095254469	0.570694087403599	1.745560585527305	1.1148621624107977	0.18672	35	discard	unchanged	allowed		214.79535483400105	
attempt-0028	f7a3702	results/autoresearch/attempt-0028	true	dc53ce0a357ef9da6a399d51360b52116f21738053373d22dc9bcb32d3b1dfe5	9c611da9e3bb94e08717512c8017337a5ab0b8b90b517597a942fc5c4342152d	ddddc3b32dc06494824ffe537fb2662999dc76220e0b3d338fd97120a7dacd19	e66aa3e09ea0b8280926dda61e17b8b42cbed4738a7cdd68a60adc9bdee81d01	c7ed09021a6b9685a69aacb88008686376621aba4b3a4d4201a80bb90995ab62	28	0.03700194623616341	false	trade_floor=pass,subwindow_coverage=pass,breadth=pass,cost_stress=fail,complexity_cap=pass,train_floor=pass	333,156,55,12,146,76	778	0.49097943717478687	-0.0036378005594987044	0.4765303372157	0.0006125068601744216	0.4730077120822622	1.3718377540160942	0.6622418152156999	0.18672	35	discard	unchanged	allowed		213.24487591700745	
attempt-0029	f7a3702	results/autoresearch/attempt-0029	true	8728ccfd8b91f6b8a68d040adfbfc1044a8549860a8a888fd6c9d9a3c440564c	9c611da9e3bb94e08717512c8017337a5ab0b8b90b517597a942fc5c4342152d	ddddc3b32dc06494824ffe537fb2662999dc76220e0b3d338fd97120a7dacd19	d1723b1e6b55be5172513ec3ce73f8effb12fde1a1a19cdcb0956513c67e28fe	b7e10867b4142c54177190fa8079dbf546669decf4e0ec89d7c33d2144068fd4	29	0.09318309007955214	true	trade_floor=pass,subwindow_coverage=pass,breadth=pass,cost_stress=pass,complexity_cap=pass,train_floor=pass	333,156,55,12,146,76	778	0.516103108733094	0.04681676923973533	0.5350507346009616	0.0006877258799498221	0.5565552699228792	1.4922856601920127	0.7200589886009616	0.18672	35	discard	unchanged	allowed		214.486868707987	
attempt-0030	f7a3702	results/autoresearch/attempt-0030	true	d5de0679b4bb8a37525afb43cd961cdccbf8b82fb8bf47d9ce370158fbedebf1	9c611da9e3bb94e08717512c8017337a5ab0b8b90b517597a942fc5c4342152d	ddddc3b32dc06494824ffe537fb2662999dc76220e0b3d338fd97120a7dacd19	72c012e237c7fc96db587ed492ce66232f33655adf19593ef15caf5a2707f901	67e03d1708cf435b5f5c37b896a7a46faa3e7f8a5e4af0199161a76f6b7eaacb	30	0.1597112726910233	true	trade_floor=pass,subwindow_coverage=pass,breadth=pass,cost_stress=pass,complexity_cap=pass,train_floor=pass	319,156,53,13,138,63	742	0.5167709158466277	0.11746961084369317	0.8515731935663579	0.0011476727676096466	0.555256064690027	1.8090184550965784	1.0277583215663577	0.17808	35	discard	unchanged	allowed		221.11246662499616	
attempt-0031	f7a3702	results/autoresearch/attempt-0031	true	649651a8ad98f81149620cf89e0655e448fdc1a8366d2301e5cc6cc40e8fab71	9c611da9e3bb94e08717512c8017337a5ab0b8b90b517597a942fc5c4342152d	ddddc3b32dc06494824ffe537fb2662999dc76220e0b3d338fd97120a7dacd19	d0c2ba4acbf4cf4078c6d92b8e96bceff5d5362450b87292d51623ea92671f30	69bf948cc425fccb232e2ac418363b9088dd06a17232426612ed320fb1856d3d	31	0.049504948592856736	true	trade_floor=pass,subwindow_coverage=pass,breadth=pass,cost_stress=pass,complexity_cap=pass,train_floor=pass	308,146,57,13,135,63	722	0.4873537478294878	0.014551435978897126	0.7112767387457014	0.0009851478375979244	0.5415512465373962	1.643903969730061	0.8826839927457014	0.17328	35	discard	unchanged	allowed		217.49567975001992	
attempt-0032	f7a3702	results/autoresearch/attempt-0032	true	b8540f9f2b9ad1c53f78b6a9f685cb4fc5bfb1cc9772426bc1890cb15407c45d	9c611da9e3bb94e08717512c8017337a5ab0b8b90b517597a942fc5c4342152d	ddddc3b32dc06494824ffe537fb2662999dc76220e0b3d338fd97120a7dacd19	23e5efc1a75273f1f1ee2560a3af5a8bc2639c1a96dbb2a1cb75b1ff999a924e	72a4a39360e22eda35d86e6de736edfee1f3c777adf105c69ea1095625c9917e	32	0.073340695667892	true	trade_floor=pass,subwindow_coverage=pass,breadth=pass,cost_stress=pass,complexity_cap=pass,train_floor=pass	351,169,59,16,165,69	829	0.4842752261613853	0.03573565505366559	0.8525076405614745	0.0010283566231139621	0.5392038600723763	1.709007250922756	1.0496483845614746	0.19895999999999997	35	discard	unchanged	allowed		213.20418741600588	
attempt-0033	f7a3702	results/autoresearch/attempt-0033	true	65445e0663056df927d81cd01a61ee0f20ea3304c16693d683bef0f4a3908312	9c611da9e3bb94e08717512c8017337a5ab0b8b90b517597a942fc5c4342152d	ddddc3b32dc06494824ffe537fb2662999dc76220e0b3d338fd97120a7dacd19	6f6d023d1d24cb95a3fe819c01b29d729c186c9e8d20f2fddfed6a287154a215	2dc85570ca71f0f79e8d02d79a7628998ecb4d089b9fbbab56fb2ddce4bfe35f	33	0.166732185034232	true	trade_floor=pass,subwindow_coverage=pass,breadth=pass,cost_stress=pass,complexity_cap=pass,train_floor=pass	308,114,53,13,115,63	666	0.5455437555120858	0.13093933957150158	1.2207929354821727	0.001833022425648908	0.5705705705705706	1.8192001900086827	1.4577813164821727	0.23976000000000003	35	keep	updated	allowed		212.2194615000044	
attempt-0034	f7a3702	results/autoresearch/attempt-0034	true	aedaeb74745664f49536363e03054ebb64a27f507a3ee2b9da2909d6c149e7bc	9c611da9e3bb94e08717512c8017337a5ab0b8b90b517597a942fc5c4342152d	ddddc3b32dc06494824ffe537fb2662999dc76220e0b3d338fd97120a7dacd19	4f83afe5163247dd52379d866aed23d7bddf93a2951afd1fce1a25e9582b2751	9099a629fdb3e46f56ba29fda2b077143ec15cdea90357ed8addbd91cf4417ee	34	0.16673218503423198	true	trade_floor=pass,subwindow_coverage=pass,breadth=pass,cost_stress=pass,complexity_cap=pass,train_floor=pass	308,114,53,13,115,63	666	0.545543755512086	0.13093933957150156	1.4242584247292012	0.002138526163257059	0.5705705705705706	1.819200190008683	1.7007448692292013	0.27972	35	discard	unchanged	allowed		208.71831212498364	
attempt-0035	f7a3702	results/autoresearch/attempt-0035	true	442ad3c095eb2d0d4b0233dba356e90cbdf7c4e2af89f10ec0734ec0bb403049	9c611da9e3bb94e08717512c8017337a5ab0b8b90b517597a942fc5c4342152d	ddddc3b32dc06494824ffe537fb2662999dc76220e0b3d338fd97120a7dacd19	6cba11507830d461c800f9f90a8ec75021a26f644c41ae3b5f9d42ade5bc3583	474bb367f7f21aed70d4a3972a69ed059167f4994f2ecf8aa2ae8b3f789dcea1	35	-0.4399429797140143	false	trade_floor=pass,subwindow_coverage=fail,breadth=pass,cost_stress=fail,complexity_cap=pass,train_floor=fail	105,48,29,7,81,39	309	0.45059192080125826	-0.555120023235742	0.7347848596534832	0.0023779445296229227	0.6375404530744336	2.2512336984867	0.8465014066534831	0.11124	35	discard	unchanged	allowed		214.00135900001624	
attempt-0036	f7a3702	results/autoresearch/attempt-0036	true	6bc318726153efbcb9ed79686f3d1bf2be4a9c15f92599d01e65e0139610cafe	9c611da9e3bb94e08717512c8017337a5ab0b8b90b517597a942fc5c4342152d	ddddc3b32dc06494824ffe537fb2662999dc76220e0b3d338fd97120a7dacd19	bcebc48372a531c63307dbf0e8ae30b2396aad53ea148b73bf1b144135e5bdc5	92723d7b4fdf164101dba21e3a75e7836763fa1c1cab514fafc16288ee4ede22	36	0.1060796207503731	false	trade_floor=pass,subwindow_coverage=fail,breadth=pass,cost_stress=pass,complexity_cap=pass,train_floor=pass	273,99,49,9,108,60	598	0.5026067758281384	0.033575376209161505	1.1037570381009931	0.0018457475553528312	0.5819397993311036	1.8071885168244874	1.316709830100993	0.21528000000000003	35	discard	unchanged	allowed		212.97980524998275	
attempt-0037	f7a3702	results/autoresearch/attempt-0037	true	3d9abc491e4117a673f77efd373be39d40ddf8631b1e95d12c8b73e4e2f913d4	9c611da9e3bb94e08717512c8017337a5ab0b8b90b517597a942fc5c4342152d	ddddc3b32dc06494824ffe537fb2662999dc76220e0b3d338fd97120a7dacd19	2a8eccf6755be8d896616dc8989597d32e1a24d2a6e22ee8e60925c9b3ecfde6	4a5b22aaf950e839bbb5502f6cf57c99b73e3a422ca5bc9d49bfb6c75b2d88e3	37	0.1678315443264592	false	trade_floor=pass,subwindow_coverage=fail,breadth=pass,cost_stress=pass,complexity_cap=pass,train_floor=pass	296,107,51,11,113,62	640	0.5304499852564338	0.12921590322516582	1.1376404390057289	0.0017775631859464514	0.565625	1.7769299164717567	1.3655022800057288	0.23040000000000002	35	discard	unchanged	allowed		212.44949929098948	
attempt-0038	f7a3702	results/autoresearch/attempt-0038	true	d9297c33014e038433a38cb6c73828f53b600bc3925f98ecb4cbd7083ebfc224	9c611da9e3bb94e08717512c8017337a5ab0b8b90b517597a942fc5c4342152d	ddddc3b32dc06494824ffe537fb2662999dc76220e0b3d338fd97120a7dacd19	66db1c2cfb6f350594b9c659cb0f4fb6fc032f5e565a5486faa2729e5ec41179	d746b29f87d65064e8dd095bcc6fb4eb9ceffebfb8488b6dcc5fa89add221a5d	38	0.1580979180733041	true	trade_floor=pass,subwindow_coverage=pass,breadth=pass,cost_stress=pass,complexity_cap=pass,train_floor=pass	302,112,51,12,113,62	652	0.5362802960085015	0.12255174797402445	1.1379971266015396	0.0017453943659532817	0.5644171779141104	1.7639305725786312	1.3700082316015396	0.23472	35	discard	unchanged	allowed		211.9929720829823	
attempt-0039	f7a3702	results/autoresearch/attempt-0039	true	98c88656a212e85629be137b64a519e0298608f14b71848bbd2295b825f70740	9c611da9e3bb94e08717512c8017337a5ab0b8b90b517597a942fc5c4342152d	ddddc3b32dc06494824ffe537fb2662999dc76220e0b3d338fd97120a7dacd19	3ed1f4f8d9013816191c92faa068372ba16e046fcdd0c08e20fba6ab77902e3d	7fbbab58b710ec05ed1e8cdc8f2a2ca9da7166c5d74441ba8df7ac6cdd63f69b	39	0.15952472510290255	false	trade_floor=pass,subwindow_coverage=fail,breadth=pass,cost_stress=pass,complexity_cap=pass,train_floor=pass	301,110,51,11,113,62	648	0.5342224668498214	0.12402329410917586	1.1265289931249123	0.0017384706684026425	0.5632716049382716	1.7579422668657034	1.357066267124912	0.23328000000000002	35	discard	unchanged	allowed		214.347060665983	
attempt-0040	f7a3702	results/autoresearch/attempt-0040	true	590d1b6100efc74101c2078c5adeb8300a43c20f80d81653668065b9bab03e7d	9c611da9e3bb94e08717512c8017337a5ab0b8b90b517597a942fc5c4342152d	ddddc3b32dc06494824ffe537fb2662999dc76220e0b3d338fd97120a7dacd19	4cbcb4ce60b357bceee13a6ca15f4e5a4da43714df17a6bbb539cd7a55a43f75	f814110bee82b70d5dc56495a51ba89258333bbe4e493bb7a9e73429b5072a94	40	0.16606447533741941	false	trade_floor=pass,subwindow_coverage=fail,breadth=pass,cost_stress=pass,complexity_cap=pass,train_floor=pass	300,107,51,11,117,62	648	0.5233509876442312	0.12636572407926278	1.15694494496774	0.001785408865690957	0.5632716049382716	1.7805579569559167	1.38768391196774	0.23328000000000002	35	discard	unchanged	allowed		212.58145991698257	
attempt-0041	f7a3702	results/autoresearch/attempt-0041	true	4147e9887863b4f291bba4bf3401a9e496988bbfce958fba7bbc58d5bfea6339	9c611da9e3bb94e08717512c8017337a5ab0b8b90b517597a942fc5c4342152d	ddddc3b32dc06494824ffe537fb2662999dc76220e0b3d338fd97120a7dacd19	61fa0f2b198bc1fff43230ec605f3582aed30eb28467713b452163a0c99becb1	9c8c8dc9be3b6c4d905136467b894f83e110f19f48f9ebba785bba78ada73557	41	0.16862026364668506	false	trade_floor=pass,subwindow_coverage=fail,breadth=pass,cost_stress=pass,complexity_cap=pass,train_floor=pass	312,111,53,11,118,62	667	0.5353768439505867	0.13154994987496205	1.2123216461765332	0.001817573682423588	0.5652173913043478	1.8040064467694115	1.449620119176533	0.24012000000000003	35	discard	unchanged	allowed		211.44260616600513	
attempt-0042	f7a3702	results/autoresearch/attempt-0042	true	5214bc390926a0bc854290d2208daaf1b26f2d0117008dec84ab1ed0dc19ac1f	9c611da9e3bb94e08717512c8017337a5ab0b8b90b517597a942fc5c4342152d	ddddc3b32dc06494824ffe537fb2662999dc76220e0b3d338fd97120a7dacd19	bc56eabefe990729af318a5c0da53bc2471759c1570c93ddcfac44c65c26dc50	fb90aa6825f7f951bc3ecb8fb4b427f0913aae834840643dbca74a845e7e18c9	42	0.16862026364668506	true	trade_floor=pass,subwindow_coverage=pass,breadth=pass,cost_stress=pass,complexity_cap=pass,train_floor=pass	312,113,53,13,118,62	671	0.5368743935079042	0.13154994987496205	1.225993258829967	0.0018271136495230506	0.5678092399403875	1.813073400861803	1.4647736058299667	0.24156000000000002	35	discard	unchanged	allowed		210.49026454199338	
attempt-0043	f7a3702	results/autoresearch/attempt-0043	true	a1ac9504ff1670bbaf03d4775dbd5bf29778e619bbb8bacfa87291531d2f854a	9c611da9e3bb94e08717512c8017337a5ab0b8b90b517597a942fc5c4342152d	ddddc3b32dc06494824ffe537fb2662999dc76220e0b3d338fd97120a7dacd19	f06edcb0443d54487d60c6e623eb13d951875fa3afcf87e91ac288be76904c96	9aaa83a1cec1ff0cb6993e65ad034d268b25de0ce5e15bcfb1419d211f3ce21e	43	0.14300381268281626	true	trade_floor=pass,subwindow_coverage=pass,breadth=pass,cost_stress=pass,complexity_cap=pass,train_floor=pass	294,108,58,14,122,63	659	0.500887841033937	0.10647678150459927	1.1701331338615621	0.0017756193230069228	0.5644916540212443	1.785161346062992	1.405069769861562	0.23724	35	discard	unchanged	allowed		213.077323333011	
attempt-0044	f7a3702	results/autoresearch/attempt-0044	true	a74c4bf3313f42320328be3828b270ca8881eb5399e29a72011aed564c8154d2	9c611da9e3bb94e08717512c8017337a5ab0b8b90b517597a942fc5c4342152d	ddddc3b32dc06494824ffe537fb2662999dc76220e0b3d338fd97120a7dacd19	2fed8df61787033eb1dab60c12eac332d82e209d8ce04282752dfcc5e8407710	e5bfa17227409bbc33b1d361634524c0121e1d98e24ac9b4a3a63f13b3788c5b	44	0.16862026364668506	true	trade_floor=pass,subwindow_coverage=pass,breadth=pass,cost_stress=pass,complexity_cap=pass,train_floor=pass	312,113,53,13,118,62	671	0.5368743935079042	0.13154994987496205	1.225993258829967	0.0018271136495230506	0.5678092399403875	1.813073400861803	1.4647736058299667	0.24156000000000002	35	discard	unchanged	allowed		214.4563695419929	
attempt-0045	f7a3702	results/autoresearch/attempt-0045	true	6f228bfc4bdf3880f63c6a95220ca52a9039ae6d94f449834c453dc5d2dcb9f1	9c611da9e3bb94e08717512c8017337a5ab0b8b90b517597a942fc5c4342152d	ddddc3b32dc06494824ffe537fb2662999dc76220e0b3d338fd97120a7dacd19	7bf1323e69105bc5cf01a657968ec51bb68976d4c765aa5d698af107444eae1c	9e90334678311bed9ab587e0796869f1aeea4313da84d13d7116cef75e0d4781	45	0.11929502167576726	true	trade_floor=pass,subwindow_coverage=pass,breadth=pass,cost_stress=pass,complexity_cap=pass,train_floor=pass	312,113,53,13,118,62	671	0.5317874474207211	0.08861894373317578	1.2832069608404604	0.0019123799714462896	0.5976154992548435	1.7026921974920308	1.5213327378404602	0.24156000000000002	35	discard	unchanged	allowed		219.42170624999562	
attempt-0046	f7a3702	results/autoresearch/attempt-0046	true	bb7aceef1b3d603da89b0e971f56baade8eded992d28e9f429446ceaaf5bed72	9c611da9e3bb94e08717512c8017337a5ab0b8b90b517597a942fc5c4342152d	ddddc3b32dc06494824ffe537fb2662999dc76220e0b3d338fd97120a7dacd19	48d7637d69e9668b2f5b0ba7f244cf9c93fab0758d7040781f4cceaf0f47129a	7369012fea566d1b1c1a52875c53da660b713f6ff33cd5cad1ae562e3ea40bb1	46	0.2067721874969849	false	trade_floor=pass,subwindow_coverage=fail,breadth=pass,cost_stress=pass,complexity_cap=pass,train_floor=pass	251,84,50,2,73,38	498	0.6130338223494944	0.17330218027296204	1.109540736396313	0.002227993446578942	0.5863453815261044	2.097417976540531	1.2856900443963128	0.17928000000000002	35	discard	unchanged	allowed		212.85670129201026	
attempt-0047	f7a3702	results/autoresearch/attempt-0047	true	7018c3e05c056b93682015526ffe617bde5f1a3b831c4842beb319c9acb6ab37	9c611da9e3bb94e08717512c8017337a5ab0b8b90b517597a942fc5c4342152d	ddddc3b32dc06494824ffe537fb2662999dc76220e0b3d338fd97120a7dacd19	dfc9ac6eeddcf52a639e45adb3d020e6d2291e741b8319b42ef499055afcd3ad	5d8eebfc1d67f51b0c25b50dfcb2bd65252737d89ca447bea8d7740919ccfc1e	47	0.129880192248126	false	trade_floor=pass,subwindow_coverage=fail,breadth=pass,cost_stress=pass,complexity_cap=pass,train_floor=pass	279,102,50,6,103,53	593	0.588127622885978	0.09156180035086556	1.0131667318956998	0.0017085442359118042	0.5750421585160203	1.7602912651748868	1.2235959928956999	0.21348	35	discard	unchanged	allowed		213.92844437499298	
attempt-0048	f7a3702	results/autoresearch/attempt-0048	true	28506a107d48ac13b301ff9fbf6dc61723f6d669fa7401c903263c2b051569e1	9c611da9e3bb94e08717512c8017337a5ab0b8b90b517597a942fc5c4342152d	ddddc3b32dc06494824ffe537fb2662999dc76220e0b3d338fd97120a7dacd19	64c772f29a6a260d357992b2fd9742bf07983544afc78586ca42d9739199ea29	a2369922c375b9cd9b0ec89dc49bf40fa191694bdbed8b993e29449ff097dab6	48	0.2067721874969849	false	trade_floor=pass,subwindow_coverage=fail,breadth=pass,cost_stress=pass,complexity_cap=pass,train_floor=pass	258,90,50,6,73,38	515	0.6248511766173611	0.17330218027296204	1.136119434371766	0.002206057154119934	0.5844660194174758	2.0850346978422687	1.3179955773717658	0.1854	35	discard	unchanged	allowed		212.08764933401835	
attempt-0049	f7a3702	results/autoresearch/attempt-0049	true	4dcb55d8e33049b97b5d01a3dee98175ec0e07e1636cb6c6f68bc73db95c18e6	9c611da9e3bb94e08717512c8017337a5ab0b8b90b517597a942fc5c4342152d	ddddc3b32dc06494824ffe537fb2662999dc76220e0b3d338fd97120a7dacd19	8b50739b13f009878e4d1f9d9698dc68c512ec3d3100c8a4546d49a376ad1dad	ac853d7f56d2c158ae9a299a5c02c1a01660364805d70cb75b2034b0f803cce7	49	0.16556506629315698	false	trade_floor=pass,subwindow_coverage=fail,breadth=pass,cost_stress=pass,complexity_cap=pass,train_floor=pass	459,160,88,11,138,62	918	0.5940153228522581	0.12311789811203429	1.7757342452754326	0.0019343510297118002	0.5762527233115469	1.9208114423174019	2.1001436522754324	0.33048	35	discard	unchanged	allowed		213.63026024997816	
attempt-0050	f7a3702	results/autoresearch/attempt-0050	true	804011c38ea16befab68422dc299e7029c053e12bf9af41c53ff2c59f915f145	9c611da9e3bb94e08717512c8017337a5ab0b8b90b517597a942fc5c4342152d	ddddc3b32dc06494824ffe537fb2662999dc76220e0b3d338fd97120a7dacd19	038e89cad357e6474e1bf63f77810cfa98c27fb5aaf82a64dbbaeab5aedd5bcd	136f31f359df3db04a37b7d79e5e73e2b645908ca1dde4fe948512d91d370bb5	50	0.12296168795774748	true	trade_floor=pass,subwindow_coverage=pass,breadth=pass,cost_stress=pass,complexity_cap=pass,train_floor=pass	479,165,88,12,147,68	959	0.5948385145821274	0.0821126396301344	1.6259808027472704	0.001695496144679114	0.5724713242961418	1.7495161879524046	1.9657350687472703	0.34524000000000005	35	discard	unchanged	allowed		211.7285579169984	
attempt-0051	f7a3702	results/autoresearch/attempt-0051	true	dfd5cf65d1d7b9e4982dd8d27cf5fe2e68e76fdfbe6030660a4650376ed893f7	9c611da9e3bb94e08717512c8017337a5ab0b8b90b517597a942fc5c4342152d	c8a7988dd18362074fab26b20b1a456f15c0d6a530237add4043faaa1d66f425	d6d83798ba0c8d4334d3417c29d1ef421b46e20fd020d8445cd1794963dda51a	f5ffe9062bd265535df92b1f70258b18b05647176320215db2426d678db6fa92	51	0.1639309222409128	false	trade_floor=pass,subwindow_coverage=fail,breadth=pass,cost_stress=pass,complexity_cap=pass,train_floor=pass	259,99,48,11,106,59	582	0.4723880179263841	0.1177446291128842	1.063895936625788	0.0018279998911096015	0.5790378006872853	1.8328517241451734	1.271507282625788	0.20952	35	discard	unchanged	allowed		211.4378253330069	
attempt-0052	f7a3702	results/autoresearch/attempt-0052	true	e46be8ead76b6a41ed74ff57c139d54f8b50d20c3a6f2c927eb47cf7a23e0425	9c611da9e3bb94e08717512c8017337a5ab0b8b90b517597a942fc5c4342152d	c8a7988dd18362074fab26b20b1a456f15c0d6a530237add4043faaa1d66f425	8f4121a4467d6a9398b6491b86764cf46378b72fa1853e31c4185ec020447906	8b31c34c52f8be533a16daa45c7d47f9c36ac24913ec01536d86e96c414abf78	52	0.0762538892801064	false	trade_floor=pass,subwindow_coverage=pass,breadth=fail,cost_stress=pass,complexity_cap=pass,train_floor=pass	392,134,59,14,109,69	777	0.711617132548272	0.0423589177906288	0.8209841745829195	0.0010566076892959068	0.5431145431145431	1.435924293508636	1.0966891185829195	0.27972	35	discard	unchanged	allowed		214.24318791698897	
attempt-0053	f7a3702	results/autoresearch/attempt-0053	true	e27328c318f51b53e3ebe2d2f9ac677c03c8f3e6a3034eea340925c50f45c0b6	9c611da9e3bb94e08717512c8017337a5ab0b8b90b517597a942fc5c4342152d	c8a7988dd18362074fab26b20b1a456f15c0d6a530237add4043faaa1d66f425	3546fddc31e4a27fbfabe6be3e4b147ef7ab42bca2b5c7e4321b230748f02afb	4770c325f57407ee50f899596c87e5bc004b2e66a72a054a8533a4500a5ac12e	53	-0.2348741112966206	false	trade_floor=pass,subwindow_coverage=fail,breadth=pass,cost_stress=fail,complexity_cap=pass,train_floor=fail	139,38,20,5,37,32	271	0.5737740104285391	-0.2753073067327323	0.5219655095174558	0.0019260719908393202	0.6051660516605166	1.7835053468289845	0.6155757005174558	0.09756000000000001	35	discard	unchanged	allowed		211.1187170839985	
attempt-0054	f7a3702	results/autoresearch/attempt-0054	true	43699e49796a38a66f2f603100cd583a992fddcddcde860ebc4356d56c9a5752	9c611da9e3bb94e08717512c8017337a5ab0b8b90b517597a942fc5c4342152d	c8a7988dd18362074fab26b20b1a456f15c0d6a530237add4043faaa1d66f425	d0a1ccacd05403bcba929b398592e7fa87fdd7a13e3b5bb5e1aebbda0ae11ead	04657e60fb0099067be93765686468e26a8fb7bcef7ae61dbd7e1886f16012ec	54	0.166732185034232	true	trade_floor=pass,subwindow_coverage=pass,breadth=pass,cost_stress=pass,complexity_cap=pass,train_floor=pass	308,114,53,13,115,63	666	0.5455437555120858	0.13093933957150158	1.2207929354821727	0.001833022425648908	0.5705705705705706	1.8192001900086827	1.4577813164821727	0.23976000000000003	35	discard	unchanged	allowed		210.98762729097507	
attempt-0055	f7a3702	results/autoresearch/attempt-0055	true	2e041d50634a034d6e1605af3784c7339319d52e6060c6fd44bcb5edd0a9aad2	9c611da9e3bb94e08717512c8017337a5ab0b8b90b517597a942fc5c4342152d	c8a7988dd18362074fab26b20b1a456f15c0d6a530237add4043faaa1d66f425	4a8e979471374b95e6e9b0051c3cb03fc8df2116e14ad3e26aa6d7d0202f1171	95e7aba734b50cfcd3c4a0f985637c3e5a40287967d73f7f001031d64a2d0dba	55	0.075894969784584	false	trade_floor=pass,subwindow_coverage=fail,breadth=pass,cost_stress=fail,complexity_cap=pass,train_floor=pass	179,73,28,10,65,46	401	0.5364803015455539	-0.021365862380745802	0.5642197062799693	0.001407031686483714	0.5610972568578554	1.571461766989741	0.7077175302799692	0.14436000000000002	35	discard	unchanged	allowed		217.19277470800444	
attempt-0056	f7a3702	results/autoresearch/attempt-0056	true	d0211c9feccd61f1cafc4b441ac22ca606833422366fc2f30d30ed0178102896	9c611da9e3bb94e08717512c8017337a5ab0b8b90b517597a942fc5c4342152d	c8a7988dd18362074fab26b20b1a456f15c0d6a530237add4043faaa1d66f425	55c83412b074627c392c919b8069023bba9e252199c080151204d7d4d0133ada	e13ec2eafb95bba7211013ffee467706c9f15ad585c27e5cf223a1701e3bf9ed	56	0.18576671762461722	false	trade_floor=pass,subwindow_coverage=fail,breadth=pass,cost_stress=pass,complexity_cap=pass,train_floor=pass	266,94,51,9,99,50	569	0.5778219637182617	0.14841904147232754	1.0915508042323894	0.0019183669670165015	0.5799648506151143	1.8985082292924138	1.2935381882323893	0.20484000000000002	35	discard	unchanged	allowed		228.1973565419903	
attempt-0057	f7a3702	results/autoresearch/attempt-0057	true	3a2d855c60eda3ff16a57f20ab828f2249950631ea850c7cadd385241fc6b266	9c611da9e3bb94e08717512c8017337a5ab0b8b90b517597a942fc5c4342152d	c8a7988dd18362074fab26b20b1a456f15c0d6a530237add4043faaa1d66f425	da16f7604ef9e84811dee9ee62364e8cd666b0673b3a4daa8fd33544d53e3892	27cb0871b3856c7616436ee58c88414f232818c731449dcaaf74d6e17786ec26	57	0.17585527911292292	false	trade_floor=pass,subwindow_coverage=fail,breadth=pass,cost_stress=pass,complexity_cap=pass,train_floor=pass	281,108,51,11,104,58	613	0.5627769898773114	0.13770368250646492	1.1414093983683296	0.0018620055438308802	0.5742251223491027	1.8588213151463613	1.3594220593683295	0.22068000000000002	35	discard	unchanged	allowed		224.61387341699447	
attempt-0058	f7a3702	results/autoresearch/attempt-0058	true	1f10ddd98bf832de8312e4b7f61b25f468a08c5d2e0a439711838189d60b7ee3	9c611da9e3bb94e08717512c8017337a5ab0b8b90b517597a942fc5c4342152d	c8a7988dd18362074fab26b20b1a456f15c0d6a530237add4043faaa1d66f425	4f2f47af397e46b642cde27854071778fff4fa0be0d161571c59380dfbb868e3	650cf9339ef8e6b99438547a8aed40cb7e33e40a6832c9b0677ca207f0d8d85c	58	0.16349903299647225	true	trade_floor=pass,subwindow_coverage=pass,breadth=pass,cost_stress=pass,complexity_cap=pass,train_floor=pass	285,110,53,12,106,58	624	0.5587881176098962	0.12516587363132087	1.1338054668418032	0.0018169959404516077	0.5705128205128205	1.8335578184878563	1.355850259841803	0.22464	35	discard	unchanged	allowed		219.86136387498118	
attempt-0059	f7a3702	results/autoresearch/attempt-0059	true	d048ab5006dc41bad18eaab5c4afdd5ec68745c25acf853b581161bc4a00cd7e	9c611da9e3bb94e08717512c8017337a5ab0b8b90b517597a942fc5c4342152d	c8a7988dd18362074fab26b20b1a456f15c0d6a530237add4043faaa1d66f425	1be79004883e2a9a9e7361ce6fb49b8b42756ee36e3d9ba87efd2eedca32e094	f80a8e6c53ac3b1bb248a9bc32ef9adc4ef2eb5402a7b437135c024d794352a5	59	0.17585527911292292	true	trade_floor=pass,subwindow_coverage=pass,breadth=pass,cost_stress=pass,complexity_cap=pass,train_floor=pass	283,108,53,12,104,58	618	0.5601775506033929	0.13766472866819252	1.157419616146969	0.00187284727531872	0.5760517799352751	1.865952223468593	1.377281081146969	0.22248	35	keep	updated	allowed		219.44387879199348	
attempt-0060	f7a3702	results/autoresearch/attempt-0060	true	1eca1cc4a54f3514bc74c36ea850ada377263e9e2474194be62cbf202b9718ea	9c611da9e3bb94e08717512c8017337a5ab0b8b90b517597a942fc5c4342152d	c8a7988dd18362074fab26b20b1a456f15c0d6a530237add4043faaa1d66f425	375e6909f475863d2b4a828ee9612a11d5f670a1f8b7cdb6b63872a51f61c47f	e5c434ee511bd242f9d7b626f0183e2abcec138eed6ff56bea3d406b2470bf41	60	0.17435991732392697	true	trade_floor=pass,subwindow_coverage=pass,breadth=pass,cost_stress=pass,complexity_cap=pass,train_floor=pass	284,108,53,12,106,58	621	0.5594111366964747	0.1360614384879712	1.1550130208185092	0.0018599243491441372	0.5748792270531401	1.8616842304281378	1.375927944818509	0.22356	35	discard	unchanged	allowed		218.41831562499283	
attempt-0061	f7a3702	results/autoresearch/attempt-0061	true	4ef913fe6a2fd64c3d8e9115ac4e49f41bca3a875b64cf53d7e337e51d0fce3e	9c611da9e3bb94e08717512c8017337a5ab0b8b90b517597a942fc5c4342152d	c8a7988dd18362074fab26b20b1a456f15c0d6a530237add4043faaa1d66f425	1f49d991900318a4f4926199392efcf00d30f5d98ad731d08915b821c25754bf	4fbcdd6725a4138259fa6f2ccb1f48287349b1106c95bc05611fbd8b9672c2b3	61	0.1443350345168973	false	trade_floor=pass,subwindow_coverage=fail,breadth=pass,cost_stress=pass,complexity_cap=pass,train_floor=pass	269,103,50,6,85,41	554	0.6542708707516957	0.10521283355520825	1.05345124190764	0.0019015365377394225	0.5703971119133574	1.8600910132651702	1.2496311689076398	0.19944	35	discard	unchanged	allowed		219.3882172910089	
attempt-0062	f7a3702	results/autoresearch/attempt-0062	true	475e9411f647d1d3d064501bbe1f5c73d0071a2337847bed75437b926c5b9c3a	9c611da9e3bb94e08717512c8017337a5ab0b8b90b517597a942fc5c4342152d	c8a7988dd18362074fab26b20b1a456f15c0d6a530237add4043faaa1d66f425	c6195cbabf5957527d3d076156fb8884efc34791ad6490f29732b4cfb7c095ed	2ba45ca0517c355f61e4c8412e809f279e098baa12e3910bd1e1bfceeda8cccd	62	0.166732185034232	true	trade_floor=pass,subwindow_coverage=pass,breadth=pass,cost_stress=pass,complexity_cap=pass,train_floor=pass	308,114,53,13,115,63	666	0.5455437555120858	0.13093933957150158	1.2207929354821727	0.001833022425648908	0.5705705705705706	1.8192001900086827	1.4577813164821727	0.23976000000000003	35	discard	unchanged	allowed		218.74750016600592	
attempt-0063	f7a3702	results/autoresearch/attempt-0063	true	46c4054637d055cbf2f2af5cba8a4e22a657d68dd2b7cdff0856bf85070d5c36	9c611da9e3bb94e08717512c8017337a5ab0b8b90b517597a942fc5c4342152d	c8a7988dd18362074fab26b20b1a456f15c0d6a530237add4043faaa1d66f425	7d3c4946b0e32486b5c42d29344bb5f37d4b31ea87b00bd01663cfb2287086dc	a42d10b35b2e35421c8081e6683a4f4b750b78f1bdc864009788867cb7af2e3e	63	0.17585527911292292	true	trade_floor=pass,subwindow_coverage=pass,breadth=pass,cost_stress=pass,complexity_cap=pass,train_floor=pass	283,108,53,12,104,58	618	0.5601775506033929	0.13766472866819252	1.157419616146969	0.00187284727531872	0.5760517799352751	1.865952223468593	1.377281081146969	0.22248	35	discard	unchanged	allowed		216.9469335830072	
attempt-0064	f7a3702	results/autoresearch/attempt-0064	true	ebd96a2911b8a9e9e56392ee198f4c0ea4bdf63a651d3297e28be84bd65093f9	9c611da9e3bb94e08717512c8017337a5ab0b8b90b517597a942fc5c4342152d	c8a7988dd18362074fab26b20b1a456f15c0d6a530237add4043faaa1d66f425	ed5a2293e85a6200d3a2f8c0e77b87d9b22e9359e3c022649e668214745ac0eb	da47b23c62deda25d08b54498b3fd22bf81a50def1b4516019c241ce1d948e60	64	0.17585527911292292	true	trade_floor=pass,subwindow_coverage=pass,breadth=pass,cost_stress=pass,complexity_cap=pass,train_floor=pass	283,108,53,12,104,58	618	0.5601775506033929	0.13766472866819252	1.157419616146969	0.00187284727531872	0.5760517799352751	1.865952223468593	1.377281081146969	0.22248	35	discard	unchanged	allowed		218.35734870799934	
attempt-0065	f7a3702	results/autoresearch/attempt-0065	true	22c180ce1574d6f08f5ba142f33c658838b1bae9b4c5a330c802cbca1b769f7b	9c611da9e3bb94e08717512c8017337a5ab0b8b90b517597a942fc5c4342152d	c8a7988dd18362074fab26b20b1a456f15c0d6a530237add4043faaa1d66f425	c7e2b3c8e0b6641e1cf9a58a04c3858f2732d7cd10a96236312b231d4edbd602	a5f20a86b2c43735d5328a3e66798041b2853f44defcfa48f29fd09c9a80aa4f	65	0.12999423212840053	true	trade_floor=pass,subwindow_coverage=pass,breadth=pass,cost_stress=pass,complexity_cap=pass,train_floor=pass	277,103,53,12,107,57	609	0.590362095547673	0.09227603613917396	1.0123983862226071	0.001662394722861424	0.5648604269293924	1.720312267628717	1.228310120222607	0.21924000000000002	35	discard	unchanged	allowed		220.06133387499722	
attempt-0066	f7a3702	results/autoresearch/attempt-0066	true	38fa4764578d08e21dc803076e224da60f61589605795a02c164bfcbe06a3092	9c611da9e3bb94e08717512c8017337a5ab0b8b90b517597a942fc5c4342152d	6b99b6385eb8725c77e2bc043004a4a97d0ac5034b89f88a01c6a2ac14f816ce	73f07ab3afa8082807bd408378c79296e29b6952c7cd761f852f03c12db3b9f6	29800889b90f4a1cb44b669c2202c741454d2c62df7ee58d3f142feecf5d0fab	66	0.14003776624880385	true	trade_floor=pass,subwindow_coverage=pass,breadth=pass,cost_stress=pass,complexity_cap=pass,train_floor=pass	272,108,53,12,104,56	605	0.5469954884483164	0.10003745118950884	1.0167094094697577	0.0016805114206111698	0.5702479338842975	1.7715256057350617	1.2320990924697577	0.21780000000000002	35	discard	unchanged	allowed		217.65892158297356	
attempt-0067	f7a3702	results/autoresearch/attempt-0067	true	00915b44f2069c13441beef52da7cb48c832e52c379f3a969450f8f3210b0fc5	9c611da9e3bb94e08717512c8017337a5ab0b8b90b517597a942fc5c4342152d	6b99b6385eb8725c77e2bc043004a4a97d0ac5034b89f88a01c6a2ac14f816ce	e3ff75b735c71dec1f7629df402c646637b00b640d390680d3580273cf3e6012	df0ad43d4d3a1caffe1ba860268c98032d7bbf398d1eeed87c6ba66339602519	67	0.1643308710164582	true	trade_floor=pass,subwindow_coverage=pass,breadth=pass,cost_stress=pass,complexity_cap=pass,train_floor=pass	281,108,53,12,104,58	616	0.5585862708282273	0.1255978159547196	1.1180352112270762	0.0018149922260179809	0.5746753246753247	1.8364858030497793	1.337177099227076	0.22176	35	discard	unchanged	allowed		215.71554279100383	
attempt-0068	f7a3702	results/autoresearch/attempt-0068	true	967ffa9a5625f2c8558e0339e75bcacf5d602ffa7d4ca831cbba5c150a4571cf	9c611da9e3bb94e08717512c8017337a5ab0b8b90b517597a942fc5c4342152d	6b99b6385eb8725c77e2bc043004a4a97d0ac5034b89f88a01c6a2ac14f816ce	de2c3d9ec47468729bc6928fe2da0028a960678c9ce6ee4056b821b961c37639	a9e065a25404fd6275a2b3d4053ad1f31ad8c6cb252ccb70dbe803b7346c89ab	68	0.18067422923960005	true	trade_floor=pass,subwindow_coverage=pass,breadth=pass,cost_stress=pass,complexity_cap=pass,train_floor=pass	283,108,53,12,104,58	618	0.5213797630047591	0.1402472201597711	1.285457106982412	0.0020800276812013136	0.5760517799352751	1.9083915350520095	1.5062294289824119	0.22248	35	keep	updated	allowed		217.33961674998864	
attempt-0069	f7a3702	results/autoresearch/attempt-0069	true	503996050ec8d449abdddb601c77daa1ca0d49f37793f72815f62e162617b09a	9c611da9e3bb94e08717512c8017337a5ab0b8b90b517597a942fc5c4342152d	6b99b6385eb8725c77e2bc043004a4a97d0ac5034b89f88a01c6a2ac14f816ce	750ded4d7d44c784027e458ba6fe9ad51ed86e918d937f10f9a51a3175a6637f	c2c886b224102bf04817ca133779cb5b6d536f85e902d80765cb9b41242f0d3b	69	0.16416074637419037	true	trade_floor=pass,subwindow_coverage=pass,breadth=pass,cost_stress=pass,complexity_cap=pass,train_floor=pass	283,108,53,12,104,58	618	0.5378466423955754	0.12461570090829592	1.2919184646034696	0.0020904829524327987	0.5857605177993528	1.9577869069501592	1.5123556926034696	0.22248	35	discard	unchanged	allowed		216.04768483398948	
attempt-0070	f7a3702	results/autoresearch/attempt-0070	true	3a797a2d39650897dd0b5fc9ac6fb6b8f12a799c93a13e8c781a7b3cd5ebf6a9	9c611da9e3bb94e08717512c8017337a5ab0b8b90b517597a942fc5c4342152d	6b99b6385eb8725c77e2bc043004a4a97d0ac5034b89f88a01c6a2ac14f816ce	2bfd42f04a23729a92079bb12ea18f673cda222b2daae03fa4616938bae91022	0ee8488c8e9dcdc75cd95d12afbf8e1e9f7641fcbc9f8862aaad74fa37ccf04f	70	0.15501347915611308	true	trade_floor=pass,subwindow_coverage=pass,breadth=pass,cost_stress=pass,complexity_cap=pass,train_floor=pass	283,108,53,12,104,58	618	0.5365626342304236	0.11919887093512523	1.1172788916651406	0.0018078946467073472	0.5647249190938511	1.775375851494992	1.3377070596651406	0.22248	35	discard	unchanged	allowed		217.26974470799905	
attempt-0071	f7a3702	results/autoresearch/attempt-0071	true	4e6df12903982918576a01f6c19207921494f28e5f0dd094e0f28b78438043dc	9c611da9e3bb94e08717512c8017337a5ab0b8b90b517597a942fc5c4342152d	6b99b6385eb8725c77e2bc043004a4a97d0ac5034b89f88a01c6a2ac14f816ce	16a5c512353f16ad00a2b8412b1db2c63a92bf197cbe7a9162ef5f0aeed9616f	1ac99b85f9c7d883a04ba23610c3d8fc3caf7cfe551bbe5b1365fc935bca7624	71	-0.006991940787243811	false	trade_floor=pass,subwindow_coverage=pass,breadth=pass,cost_stress=fail,complexity_cap=pass,train_floor=fail	283,108,53,12,104,58	618	0.48691110531638204	-0.09641301360152536	1.0790568420403144	0.0017460466699681463	0.5889967637540453	1.7818969910931126	1.3007091660403143	0.22248	35	discard	unchanged	allowed		215.389890749997	
attempt-0072	f7a3702	results/autoresearch/attempt-0072	true	527510eedd713a67f289024435b56089f1fd018a26d6b81a7570f412877f62c8	9c611da9e3bb94e08717512c8017337a5ab0b8b90b517597a942fc5c4342152d	6b99b6385eb8725c77e2bc043004a4a97d0ac5034b89f88a01c6a2ac14f816ce	86b20e680cfe636f5112b53a2d925df664f431725c2b233ffec087d15b84470a	7c7aa7b8d0b3f750cc2d99aa1a2146881b76a38565ae535442b28f5531727773	72	0.15512760969274508	true	trade_floor=pass,subwindow_coverage=pass,breadth=pass,cost_stress=pass,complexity_cap=pass,train_floor=pass	283,108,53,12,104,58	618	0.5449674258397417	0.12166873438949102	1.2751268813235104	0.002063312105701473	0.5857605177993528	1.8350927668635693	1.4953137323235104	0.22248	35	discard	unchanged	allowed		217.41604041701066	
attempt-0073	f7a3702	results/autoresearch/attempt-0073	true	043d8f039b8a2f6881a3843479b79e1f3f2c683cee03065c9c38cd3fe599cda3	9c611da9e3bb94e08717512c8017337a5ab0b8b90b517597a942fc5c4342152d	6b99b6385eb8725c77e2bc043004a4a97d0ac5034b89f88a01c6a2ac14f816ce	c609ca892bf8cbf45b880b2e611c12f54fa2ec2fb5f958909868a300a823720c	fb2fc7b0275ded2d30f429dd5edc400ffdd74001817c308cd38981a038452e4c	73	0.15170057806337173	true	trade_floor=pass,subwindow_coverage=pass,breadth=pass,cost_stress=pass,complexity_cap=pass,train_floor=pass	283,108,53,12,104,58	618	0.4207016106967745	0.08000068272571628	1.097527322507873	0.0017759341788153285	0.5760517799352751	1.95319367086675	1.278641340507873	0.1818	35	discard	unchanged	allowed		218.2784317919868	
attempt-0074	f7a3702	results/autoresearch/attempt-0074	true	2abc5670aa8a985e224655eb475fa8e751b4b22eec263e1980fecdcb08ae0179	9c611da9e3bb94e08717512c8017337a5ab0b8b90b517597a942fc5c4342152d	6b99b6385eb8725c77e2bc043004a4a97d0ac5034b89f88a01c6a2ac14f816ce	57a2cdc7e8296a8ce3c7f25d26d1af1183f69f56ce63a0406ab861fa18455d76	fef1f161f28b44453d3af94564d3f94b4b08be9991b5bec90a5babcd3654c299	74	0.09790472001313259	true	trade_floor=pass,subwindow_coverage=pass,breadth=pass,cost_stress=pass,complexity_cap=pass,train_floor=pass	248,100,48,12,94,51	553	0.5433634239279106	0.055321075051974866	1.0401520309953187	0.0018809259150005763	0.5605786618444847	1.7671122572396063	1.2371879479953185	0.19908	35	discard	unchanged	allowed		217.7617513749865	
attempt-0075	f7a3702	results/autoresearch/attempt-0075	true	bdd74226e8e8bd834958e75a21e05e34ef5a5782013e314e5b417e544b3b229b	9c611da9e3bb94e08717512c8017337a5ab0b8b90b517597a942fc5c4342152d	6b99b6385eb8725c77e2bc043004a4a97d0ac5034b89f88a01c6a2ac14f816ce	25c46eb4b2971db569570f3ae553e9f3bba7d6cd1531c187eb7018bc7852f65b	293893db92468217d5724a9b1a0002d11fbf78b78838983f85377ef9beed3d7d	75	0.12459227769065372	false	trade_floor=pass,subwindow_coverage=fail,breadth=pass,cost_stress=pass,complexity_cap=pass,train_floor=pass	301,102,54,10,113,71	651	0.5007271855062065	0.08696986844247206	1.3815305559827107	0.002122166752661614	0.5883256528417818	1.910150057770808	1.6139582439827105	0.23436	35	discard	unchanged	allowed		216.8435679160175	
attempt-0076	f7a3702	results/autoresearch/attempt-0076	true	687d8a7a172d31e7722edb2dee85aaf0962087481416935e1d504f1011563775	9c611da9e3bb94e08717512c8017337a5ab0b8b90b517597a942fc5c4342152d	6b99b6385eb8725c77e2bc043004a4a97d0ac5034b89f88a01c6a2ac14f816ce	46aa9117a672c008937b442ad2c6a5ce21f319e0cee4c861864c1074b31d868f	d4be3492eabbd24b018421918cab2c16cc1037ff3fb66606d41a68108ceb7d73	76	0.15133578496413655	true	trade_floor=pass,subwindow_coverage=pass,breadth=pass,cost_stress=pass,complexity_cap=pass,train_floor=pass	307,114,59,14,124,62	680	0.49450438776368894	0.09746527600277573	1.4362365096553058	0.002112112514198979	0.5705882352941176	1.9612936479813028	1.6799427906553057	0.24480000000000002	35	discard	unchanged	allowed		218.24486679202528	
attempt-0077	f7a3702	results/autoresearch/attempt-0077	true	7d2c025a7eba9a6765725e22add2bf4b92fc581783763ce86eb5531bff9e6f4e	9c611da9e3bb94e08717512c8017337a5ab0b8b90b517597a942fc5c4342152d	6b99b6385eb8725c77e2bc043004a4a97d0ac5034b89f88a01c6a2ac14f816ce	628f928dcfc821d72cfb7d851ef576bf8213ce4d2e59c8a0a0f5c51fbfb9a627	b0682bab57007412dbfb58c3892b858938a2a6f7a384da98a96778c2206d6dd9	77	0.19318639147269842	false	trade_floor=pass,subwindow_coverage=fail,breadth=pass,cost_stress=pass,complexity_cap=pass,train_floor=pass	264,100,49,11,99,57	580	0.5180568959749537	0.158459288015336	1.2635318015289827	0.002178503106084453	0.5793103448275863	1.9610381984880203	1.4708027105289827	0.2088	35	discard	unchanged	allowed		218.66534779098583	
attempt-0078	f7a3702	results/autoresearch/attempt-0078	true	19397978cd78314ef4c61fbf7703d374681da6c992e5a287dba7a5ab16c3d196	9c611da9e3bb94e08717512c8017337a5ab0b8b90b517597a942fc5c4342152d	6b99b6385eb8725c77e2bc043004a4a97d0ac5034b89f88a01c6a2ac14f816ce	f63b2a3b585bcd82694007c20b8bbd5f9eca74572ad778d187cab9cc270f7176	01a0229a0e11b63ece6315e4ffcaffcffe2dc79e8817e9ab14a7e96aa597e8ed	78	0.18171493899414465	false	trade_floor=pass,subwindow_coverage=fail,breadth=pass,cost_stress=pass,complexity_cap=pass,train_floor=pass	277,105,51,11,101,58	603	0.5335134498764738	0.14297145064712163	1.2445161483369938	0.002063874209514086	0.5737976782752903	1.8961341563063474	1.4598584373369936	0.21708000000000002	35	discard	unchanged	allowed		219.31831816598424	
attempt-0079	f7a3702	results/autoresearch/attempt-0079	true	89d8b0555847cea2b002ae169b78ddf17332bfdd322d8dbea2f2e1b841d60f8c	9c611da9e3bb94e08717512c8017337a5ab0b8b90b517597a942fc5c4342152d	6b99b6385eb8725c77e2bc043004a4a97d0ac5034b89f88a01c6a2ac14f816ce	903ad0002fcaa98fd41d2a373397a81a5150a02c003a30eb543236771c899882	d80230d5d09bf9144db8a6f158953a8a550e26a34b990b705d29957a3716257b	79	0.1946021589178582	true	trade_floor=pass,subwindow_coverage=pass,breadth=pass,cost_stress=pass,complexity_cap=pass,train_floor=pass	270,103,51,12,102,57	595	0.5058935133787149	0.15969536848613794	1.304472760174401	0.002192391193570422	0.5815126050420169	1.9726976585000906	1.517173702174401	0.2142	35	keep	updated	allowed		217.81124662500224	
attempt-0080	f7a3702	results/autoresearch/attempt-0080	true	7e8262127f86a01666b038ad9f60b209120b6ec68c295ee31282b0cfc9d9b0f3	9c611da9e3bb94e08717512c8017337a5ab0b8b90b517597a942fc5c4342152d	6b99b6385eb8725c77e2bc043004a4a97d0ac5034b89f88a01c6a2ac14f816ce	fb9b76799347302c99711f78103fbcbabcb27c574b6c2c57c20d6f95ab075a2f	dd39904d619ad5e8cda6c7811eb1077576d5b302c2c2e0f4b0cd4fedd577e82b	80	0.19686226575579616	true	trade_floor=pass,subwindow_coverage=pass,breadth=pass,cost_stress=pass,complexity_cap=pass,train_floor=pass	258,100,51,12,100,55	576	0.4903804591694852	0.16220407174688714	1.3016538589986348	0.0022598157274281855	0.5850694444444444	2.015473724417323	1.5077408359986346	0.20736000000000002	35	keep	updated	allowed		219.1437068329833	
attempt-0081	f7a3702	results/autoresearch/attempt-0081	true	351eb6cceed69b3a70435a5b4ff99b23afb121e9a8ba835849fc2509974206e0	9c611da9e3bb94e08717512c8017337a5ab0b8b90b517597a942fc5c4342152d	6b99b6385eb8725c77e2bc043004a4a97d0ac5034b89f88a01c6a2ac14f816ce	d8cff1689cee4121d9f445b685be6d4b0c2b454d5d7a6a39cc5ba3f2e64c735c	72382adb9507529880738d9262ea19d2508abe9284dc2ebebe53aa2afb343d2f	81	0.20334732964814173	false	trade_floor=pass,subwindow_coverage=fail,breadth=pass,cost_stress=pass,complexity_cap=pass,train_floor=pass	246,96,50,11,98,55	556	0.47871668928543215	0.169206866374103	1.298136535423724	0.0023347779414095754	0.5935251798561151	2.046601691276576	1.4969729654237238	0.20016	35	discard	unchanged	allowed		218.51569720800035	
attempt-0082	f7a3702	results/autoresearch/attempt-0082	true	deb20b185a17ef6cb0f1ffb8060212cfdb6238a34b848a8d343ead88bfb56feb	9c611da9e3bb94e08717512c8017337a5ab0b8b90b517597a942fc5c4342152d	6b99b6385eb8725c77e2bc043004a4a97d0ac5034b89f88a01c6a2ac14f816ce	2d00b7c48c0379d7c3075e70ed518a4d614d33ab46bb351144a97e62734cb324	8380dcbf6d9eeeb9b4f7502437b832ec9fd285fa9d1bbcc44a3a75b503329661	82	0.19686226575579616	true	trade_floor=pass,subwindow_coverage=pass,breadth=pass,cost_stress=pass,complexity_cap=pass,train_floor=pass	258,100,51,12,100,55	576	0.4903804591694852	0.16220407174688714	1.3016538589986348	0.0022598157274281855	0.5850694444444444	2.015473724417323	1.5077408359986346	0.20736000000000002	35	discard	unchanged	allowed		220.15461870800937	
attempt-0083	f7a3702	results/autoresearch/attempt-0083	true	6a2f3aa02cbed4f6988a5389a2ab23a27dd516f7a828dc2e84f12286a7102aad	9c611da9e3bb94e08717512c8017337a5ab0b8b90b517597a942fc5c4342152d	6b99b6385eb8725c77e2bc043004a4a97d0ac5034b89f88a01c6a2ac14f816ce	5f998a151f87bbe1220202c38f386b581534fa88c4d929f4c033dc1b8e19caed	0c4059fe9db4918c0e7ace43c1fc6242ef7d3222981c4be518336524ebb52298	83	0.20334732964814173	false	trade_floor=pass,subwindow_coverage=fail,breadth=pass,cost_stress=pass,complexity_cap=pass,train_floor=pass	246,96,50,11,98,55	556	0.47871668928543215	0.169206866374103	1.298136535423724	0.0023347779414095754	0.5935251798561151	2.046601691276576	1.4969729654237238	0.20016	35	discard	unchanged	allowed		218.1123786669923	
attempt-0084	f7a3702	results/autoresearch/attempt-0084	true	57c80c6368df16f76a5e39faa7e609ccc4e283d96ccafb2348ccabea9a415b0f	9c611da9e3bb94e08717512c8017337a5ab0b8b90b517597a942fc5c4342152d	6b99b6385eb8725c77e2bc043004a4a97d0ac5034b89f88a01c6a2ac14f816ce	4bb677824d7a238b814360278fab4875e26df86488456cb342dbb555fd52ab79	85284ec0c252c4a60de6be71c608bd0e2bf998b19721813f9fd110ec0ff7ae9c	84	0.1978571526462137	false	trade_floor=pass,subwindow_coverage=fail,breadth=pass,cost_stress=pass,complexity_cap=pass,train_floor=pass	248,98,50,11,100,55	562	0.4784949776956889	0.16366135719822866	1.2799320375548957	0.002277459141556754	0.5871886120996441	2.0169980426879683	1.4809674015548957	0.20232	35	discard	unchanged	allowed		222.5488675419765	
attempt-0085	f7a3702	results/autoresearch/attempt-0085	true	a701cd2a5be63f78a2b93562616099a0aad13c8bc60f40cd0262fe1ab2287131	9c611da9e3bb94e08717512c8017337a5ab0b8b90b517597a942fc5c4342152d	6b99b6385eb8725c77e2bc043004a4a97d0ac5034b89f88a01c6a2ac14f816ce	38f253370397527b73437d6c28d1df2e977a1d50addfa0f40550722c186860ae	d2ca25fe76071c95de5e032bc26e0d4e642b98934647cf2e044ef0aac679dce2	85	0.20334732964814173	false	trade_floor=pass,subwindow_coverage=fail,breadth=pass,cost_stress=pass,complexity_cap=pass,train_floor=pass	246,96,50,11,98,55	556	0.47871668928543215	0.169206866374103	1.298136535423724	0.0023347779414095754	0.5935251798561151	2.046601691276576	1.4969729654237238	0.20016	35	discard	unchanged	allowed		219.20199762500124	
attempt-0086	f7a3702	results/autoresearch/attempt-0086	true	8bbf1aa34541da3778b5f0abf594d4e027d3f520ae0603669f12c8ccb04287a6	9c611da9e3bb94e08717512c8017337a5ab0b8b90b517597a942fc5c4342152d	6b99b6385eb8725c77e2bc043004a4a97d0ac5034b89f88a01c6a2ac14f816ce	7172a56ec8a8a036d774330871095d313a7bedb948d61c3f7c0b80da3cca4027	8471e63774653d9fab44c6fb2efa32da0f1afe40ce41edb0e737319b94cf285d	86	0.19515496088482331	true	trade_floor=pass,subwindow_coverage=pass,breadth=pass,cost_stress=pass,complexity_cap=pass,train_floor=pass	258,100,51,12,100,55	576	0.451989972157655	0.16104713744537222	1.4219318179251006	0.0024686316283421884	0.5850694444444444	2.0260486510340447	1.6449850299251005	0.22410000000000002	35	discard	unchanged	allowed		219.46867845900124	
attempt-0087	f7a3702	results/autoresearch/attempt-0087	true	c4d5e06197222db3e767f292e741dc2e6815396c364c90c14904e72718aebb0c	9c611da9e3bb94e08717512c8017337a5ab0b8b90b517597a942fc5c4342152d	6b99b6385eb8725c77e2bc043004a4a97d0ac5034b89f88a01c6a2ac14f816ce	626ec67f0bcf3abd22b00962d1e02f652457d024716621b60878e83c8a0bd041	2a0513e51ca98cd98e4f40fa9955c31db5b7ae3b0980b561958f3876b5abd599	87	0.20630866282658358	false	trade_floor=pass,subwindow_coverage=fail,breadth=pass,cost_stress=pass,complexity_cap=pass,train_floor=pass	194,70,36,10,89,49	448	0.3804606446980374	0.17375597074289403	1.1230659127701899	0.0025068435552906025	0.609375	2.0922431930474414	1.2824089387701896	0.16128	35	discard	unchanged	allowed		219.12209291700856	
attempt-0088	f7a3702	results/autoresearch/attempt-0088	true	b39080f14ab2ec00e246ab31c409ae7ab97d2f5ec65881535e74e18db49a2742	9c611da9e3bb94e08717512c8017337a5ab0b8b90b517597a942fc5c4342152d	6b99b6385eb8725c77e2bc043004a4a97d0ac5034b89f88a01c6a2ac14f816ce	5f877829f3a78b28ea2e714054832053131e87856d86f5645c861a7767cd4a8d	252779a66209f6a92d5c2d6c2731b8478319d2b7bbcb5f078bb4006687349af0	88	0.19734343159195028	false	trade_floor=pass,subwindow_coverage=fail,breadth=pass,cost_stress=pass,complexity_cap=pass,train_floor=pass	199,74,43,10,93,50	469	0.3930206532665262	0.16453884831203872	1.0907228031112812	0.0023256349746509195	0.5948827292110874	2.012471520410441	1.2579282531112812	0.16884000000000002	35	discard	unchanged	allowed		218.51421266701072	
attempt-0089	f7a3702	results/autoresearch/attempt-0089	true	9ffba9a0f481b3e02da337175a35a51658bb53f6091eeabc7c66b4dda19624a7	9c611da9e3bb94e08717512c8017337a5ab0b8b90b517597a942fc5c4342152d	6b99b6385eb8725c77e2bc043004a4a97d0ac5034b89f88a01c6a2ac14f816ce	ac98a3cf2ff643081fbc5ba69be767955a1ca587a8263e7e238b4fa45110ca9a	2618096f55d320cd9f0f0ebdfd44e6430ea1e71505bb8071b084555c1dfa4b60	89	0.17912201165100133	true	trade_floor=pass,subwindow_coverage=pass,breadth=pass,cost_stress=pass,complexity_cap=pass,train_floor=pass	273,104,51,12,103,58	601	0.5105514041957484	0.13888884846562893	1.28576042503895	0.002139368427685441	0.5790349417637272	1.938913248615637	1.50060867403895	0.21636000000000002	35	discard	unchanged	allowed		219.49223454098683	
attempt-0090	f7a3702	results/autoresearch/attempt-0090	true	6f6d0fd6f4e0c725c1ccd938844a5e7602390bc8eec1685bbd16f9fe493434d1	9c611da9e3bb94e08717512c8017337a5ab0b8b90b517597a942fc5c4342152d	6b99b6385eb8725c77e2bc043004a4a97d0ac5034b89f88a01c6a2ac14f816ce	e71b6038a198b5b35a8ac5a11086795e44afb6ca5881b2c5040e8cc5f50c1025	d9effc1e9c4c8f07d7022f58f14c828a3341ef46f09680ae68a74968597af410	90	0.18084684910247173	true	trade_floor=pass,subwindow_coverage=pass,breadth=pass,cost_stress=pass,complexity_cap=pass,train_floor=pass	283,106,51,13,111,60	624	0.4782321000297875	0.14840726395979545	1.3552202761907857	0.0021718273656903615	0.5785256410256411	1.9301866283036897	1.5786143551907856	0.22464	35	discard	unchanged	allowed		217.78486762498505	
attempt-0091	f7a3702	results/autoresearch/attempt-0091	true	383719cf8b4d8523d610b0df7b5462e78b9d8c2e96d775510ccf7801c691dc52	9c611da9e3bb94e08717512c8017337a5ab0b8b90b517597a942fc5c4342152d	6b99b6385eb8725c77e2bc043004a4a97d0ac5034b89f88a01c6a2ac14f816ce	d10d55e04f6b2e42ad0d1df83bdcfaf27d0e60ae9756cccb2e034a662b8475e9	4094b56e2b2e7c79b865331c252232857ca5819b8bed1fe797008ba6a7d97246	91	0.18423737743145974	true	trade_floor=pass,subwindow_coverage=pass,breadth=pass,cost_stress=pass,complexity_cap=pass,train_floor=pass	270,102,50,12,109,60	603	0.46657470728958	0.152320116876757	1.3448933125978757	0.002230337168487356	0.5854063018242123	1.9501529881446917	1.5606468445978756	0.21708000000000002	35	discard	unchanged	allowed		218.43844391600578	
attempt-0092	f7a3702	results/autoresearch/attempt-0092	true	f1034d70860823da1a4cb7fb39edc7a08b27c5bdf4b6f650af44c557d111b6f3	9c611da9e3bb94e08717512c8017337a5ab0b8b90b517597a942fc5c4342152d	6b99b6385eb8725c77e2bc043004a4a97d0ac5034b89f88a01c6a2ac14f816ce	92ed151d83eaffc300c49737635d1d041dce9ac009585552d66798e7115a9c4f	b437f094dad279528cd7397933f82ad1ea90345150bce407c14ec0f3d21c4237	92	0.18730644118150183	false	trade_floor=pass,subwindow_coverage=fail,breadth=pass,cost_stress=pass,complexity_cap=pass,train_floor=pass	252,99,50,11,98,54	564	0.4800170596427945	0.15295139626091261	1.2252184529224615	0.0021723731434795416	0.5780141843971631	1.9560674197868497	1.4270439089224614	0.20304000000000003	35	discard	unchanged	allowed		218.16250870900694	
attempt-0093	f7a3702	results/autoresearch/attempt-0093	true	f16e9c895a787a94cc5ff2d5579e24f7d22b6278a8b668b251724ddc540ddf51	9c611da9e3bb94e08717512c8017337a5ab0b8b90b517597a942fc5c4342152d	6b99b6385eb8725c77e2bc043004a4a97d0ac5034b89f88a01c6a2ac14f816ce	f9e24814e16b4130824eec0fed20a358d78e3e16218f6d913842f9db6ffa902f	1edc68007f574703e5661afe7fd7aa09a9dd2418d5f4563f5513b6cdfe825ff7	93	0.20983051429000862	true	trade_floor=pass,subwindow_coverage=pass,breadth=pass,cost_stress=pass,complexity_cap=pass,train_floor=pass	258,100,51,12,100,55	576	0.47696891741264136	0.17582364926720956	1.398901332640737	0.0024286481469457236	0.5850694444444444	2.0864930062519123	1.6051294056407368	0.20736000000000002	35	keep	updated	allowed		218.1864361250191	
attempt-0094	f7a3702	results/autoresearch/attempt-0094	true	1f8241346028c62ed974464fd205ce2e2a9294f37ebe9a5e46d0b2dc52d5a0a8	9c611da9e3bb94e08717512c8017337a5ab0b8b90b517597a942fc5c4342152d	6b99b6385eb8725c77e2bc043004a4a97d0ac5034b89f88a01c6a2ac14f816ce	9cc7a026c767de827b76bff3fe4c9ae57828fb04a440b50182f04cd165e64e57	0642929b4f1b067dacf9ca7a19d163f629a05ed7d50a0dc12c9cc4833f31873e	94	0.2052464104345884	true	trade_floor=pass,subwindow_coverage=pass,breadth=pass,cost_stress=pass,complexity_cap=pass,train_floor=pass	258,100,51,12,100,55	576	0.4685989815986822	0.17029416022117153	1.4155316611310924	0.002457520245019258	0.59375	2.076684142858081	1.6221879751310924	0.20736000000000002	35	discard	unchanged	allowed		219.37900841698865	
attempt-0095	f7a3702	results/autoresearch/attempt-0095	true	698d5b29bb9e040fe823e7afe50ac208dd10d38783b73eccf0998bdf23e692b8	9c611da9e3bb94e08717512c8017337a5ab0b8b90b517597a942fc5c4342152d	6b99b6385eb8725c77e2bc043004a4a97d0ac5034b89f88a01c6a2ac14f816ce	5d0c28a122f900c34ceebdf24d9948851e3a6824439eceb3c2bc76680d67607f	c58cac7f6968d09a7f186415e45d6aa6ffd9776fc25d85ac2200d4bf51f06b5a	95	0.21142148966591603	true	trade_floor=pass,subwindow_coverage=pass,breadth=pass,cost_stress=pass,complexity_cap=pass,train_floor=pass	258,100,51,12,100,55	576	0.4748585256086423	0.17731149066520294	1.4214356397125245	0.002467770207834244	0.59375	2.1060879636243257	1.6276637127125244	0.20736000000000002	35	keep	updated	allowed		218.81283962499583	
attempt-0096	f7a3702	results/autoresearch/attempt-0096	true	81450b7bca3e900fc8748834d3c19dc138557cfc64f3d65bb59c7c710006f1c2	9c611da9e3bb94e08717512c8017337a5ab0b8b90b517597a942fc5c4342152d	6b99b6385eb8725c77e2bc043004a4a97d0ac5034b89f88a01c6a2ac14f816ce	9f76cf4613bfc1dc9a2b58a02067baf0ffa2a51d4ebcb29a6111554c31fc08de	104618ec0ce40b7ea6f966cf6f4f6695636770ec144193fa18957ebf1daedea0	96	0.2015873160523062	true	trade_floor=pass,subwindow_coverage=pass,breadth=pass,cost_stress=pass,complexity_cap=pass,train_floor=pass	258,100,51,12,100,55	576	0.46916547614285087	0.13747898018140686	1.3941710614174718	0.002420435870516444	0.5972222222222222	2.0538332819199527	1.6006004644174716	0.20736000000000002	35	discard	unchanged	allowed		218.51759033300914	
attempt-0097	f7a3702	results/autoresearch/attempt-0097	true	5d15d04c5177efdda57c75138c46d022b4033b148506fd1bbdaf9859802cdf0e	9c611da9e3bb94e08717512c8017337a5ab0b8b90b517597a942fc5c4342152d	6b99b6385eb8725c77e2bc043004a4a97d0ac5034b89f88a01c6a2ac14f816ce	a0b15c78d4fd9899ae5965c234bbcde389f53caf0b07c9fdeb343a405a2cd8c8	8e84ed5f9ee85e8aef13a87910c21e5e9304fc287b7d5f7da7f4124e8fa15cb5	97	0.21190373061681944	true	trade_floor=pass,subwindow_coverage=pass,breadth=pass,cost_stress=pass,complexity_cap=pass,train_floor=pass	258,100,51,12,100,55	576	0.47074537965131813	0.17812814739797644	1.4453603606701713	0.002509306181719047	0.5920138888888888	2.119932628488536	1.6515884336701712	0.20736000000000002	35	discard	unchanged	allowed		221.44914641600917	
attempt-0098	f7a3702	results/autoresearch/attempt-0098	true	0e9ecb7d65c2b06d187ec70e5c263dabdc5b2f0b9b3c6fa7554302b712e27263	9c611da9e3bb94e08717512c8017337a5ab0b8b90b517597a942fc5c4342152d	6b99b6385eb8725c77e2bc043004a4a97d0ac5034b89f88a01c6a2ac14f816ce	c2c5a6ce4500d1f932c77f4e364bdd0337526bd5c7d41ced8fd328f67aff9776	8fad55ca43ee584a4876973179dd28e8d9bd4a02fcc3c4aea68952edc9a2e4d1	98	0.21523305570090082	true	trade_floor=pass,subwindow_coverage=pass,breadth=pass,cost_stress=pass,complexity_cap=pass,train_floor=pass	258,100,51,12,100,55	576	0.475590807692199	0.18148266312061379	1.4242048196283894	0.0024725778118548426	0.5920138888888888	2.1121003247615264	1.6304328926283893	0.20736000000000002	35	keep	updated	allowed		223.12546474998817	
attempt-0099	f7a3702	results/autoresearch/attempt-0099	true	da845fbe157d6d851b1cbbd90d1269baa1af545f9c67764fac6cb9795689515f	9c611da9e3bb94e08717512c8017337a5ab0b8b90b517597a942fc5c4342152d	6b99b6385eb8725c77e2bc043004a4a97d0ac5034b89f88a01c6a2ac14f816ce	5be3721206f460c72f1270209f1a5d033e7be4d242a24478a122bb2f1ed9ed88	8189b68d664b9887df4f95de493b9e0eec4a3eb7a5b0d9a997e57a737338b463	99	0.21735915161032543	true	trade_floor=pass,subwindow_coverage=pass,breadth=pass,cost_stress=pass,complexity_cap=pass,train_floor=pass	258,100,51,12,100,55	576	0.47479604345943693	0.18345328245288353	1.4319279628946049	0.0024859860466920226	0.5954861111111112	2.118590347460084	1.6381560358946048	0.20736000000000002	35	keep	updated	allowed		217.52492329198867	
attempt-0100	f7a3702	results/autoresearch/attempt-0100	true	bcee9e3dcb85d691efac30ba3f52afdccf79be3ff9c8a7d66ac45b847ec422b1	9c611da9e3bb94e08717512c8017337a5ab0b8b90b517597a942fc5c4342152d	6b99b6385eb8725c77e2bc043004a4a97d0ac5034b89f88a01c6a2ac14f816ce	0f6ce64ba677592faf55618b97c9343dde572c719fdd844ca4bac494a0f49784	38b5643f2c43f1498d9c175265f15bdff7916f6208a2f59aef77acb371724d88	100	0.20836995268409142	true	trade_floor=pass,subwindow_coverage=pass,breadth=pass,cost_stress=pass,complexity_cap=pass,train_floor=pass	258,100,51,12,100,55	576	0.477576384797043	0.17442319989014193	1.3945157001819728	0.0024210342017048137	0.5868055555555556	2.0833683263538947	1.6007437731819727	0.20736000000000002	35	discard	unchanged	terminal	max_iterations	217.94229170901235	
